<?xml version="1.0" encoding="UTF-8"?>
<beans xmlns="http://www.springframework.org/schema/beans"  
    xmlns:xsi="http://www.w3.org/2001/XMLSchema-instance" 
    xmlns:context="http://www.springframework.org/schema/context"  
    xmlns:tx="http://www.springframework.org/schema/tx" 
    xmlns:mvc="http://www.springframework.org/schema/mvc" 
    xsi:schemaLocation="http://www.springframework.org/schema/mvc     
    http://www.springframework.org/schema/mvc/spring-mvc-3.0.xsd  
http://www.springframework.org/schema/beans  
http://www.springframework.org/schema/beans/spring-beans-3.0.xsd  
http://www.springframework.org/schema/context  
http://www.springframework.org/schema/context/spring-context-3.0.xsd  
http://www.springframework.org/schema/tx  
http://www.springframework.org/schema/tx/spring-tx-3.0.xsd"> 
<context:component-scan base-package="com.nucleus"></context:component-scan>
<mvc:annotation-driven/>
 <mvc:resources mapping="/resources/**" location="/resources/" />
   <bean
        class="org.springframework.web.servlet.view.InternalResourceViewResolver">
        <property name="prefix" value="/WEB-INF/views/" />
        <property name="suffix" value=".jsp" />
    </bean>
    
  <bean id="ds" class="org.springframework.jdbc.datasource.DriverManagerDataSource">  
<property name="driverClassName" value="${jdbc.driverClassName}"></property>  
<property name="url" value="${jdbc.url}"></property>  
<property name="username" value="${jdbc.username}"></property>
<property name="password" value="${jdbc.password}"></property>  
</bean>  
   <!-- <bean id="ds" class="org.springframework.jdbc.datasource.DriverManagerDataSource">  
<property name="driverClassName" value="oracle.jdbc.driver.OracleDriver"></property>  
<property name="url" value="jdbc:oracle:thin:@10.1.50.198:1521:orcl"></property>  
<property name="username" value="sh"></property>
<property name="password" value="sh"></property>  
</bean>  -->
<!-- <bean id="jdbcTemplate" class="org.springframework.jdbc.core.JdbcTemplate">  
<property name="dataSource" ref="ds"></property>  
</bean>  --> 
<bean id="sessionFactory" 	class="org.springframework.orm.hibernate4.LocalSessionFactoryBean">
		<property name="dataSource" ref="ds" />
		<property name="annotatedClasses">
			<list>
			  <value>com.nucleus.model.User</value> 
			  	<value>com.nucleus.model.BaseEntity</value> 
			   <value>com.nucleus.model.Customer</value> 
			<value>com.nucleus.model.Role</value>  
			  
			</list>
		</property>
		<property name="hibernateProperties">
			<props>
				<prop key="hibernate.dialect">org.hibernate.dialect.Oracle10gDialect
				</prop>
				<prop key="hibernate.show_sql">true</prop>
				<prop key="hibernate.format_sql">true</prop>
				<prop key="hibernate.hbm2ddl.auto">update</prop>
			</props>
		</property>
	</bean>
	<bean class="org.springframework.beans.factory.annotation.AutowiredAnnotationBeanPostProcessor" />
 <bean id="messageSource" class="org.springframework.context.support.ResourceBundleMessageSource">
<property name="basenames">
<list>
<value>names</value>
<value>log4j</value>
<value>messages</value> 
</list>
</property>
</bean>     
     <bean class = "org.springframework.web.servlet.handler.SimpleMappingExceptionResolver">
      <property name = "exceptionMappings">
         <props>
            <prop key = "com.nucleus.SpringException">
               ExceptionPage
            </prop>
         </props>
      </property>
      <property name = "defaultErrorView" value = "error"/>
   </bean> 
    <tx:annotation-driven transaction-manager="transactionManager" />
    <!-- Transaction -->
    <bean id="transactionManager"
        class="org.springframework.orm.hibernate4.HibernateTransactionManager">
        <property name="sessionFactory" ref="sessionFactory"></property>
    </bean>
 <bean class = "org.springframework.beans.factory.config.PropertyPlaceholderConfigurer">
<property name = "locations" value="/WEB-INF/views/db.properties">
</property></bean>   
<bean id="authSuccessHandler" class="com.nucleus.controller.AuthSuccessHandler"> 
</bean> 
</beans> 
