<?xml version='1.0' encoding='UTF-8'?>  
<!DOCTYPE hibernate-configuration PUBLIC  
          "-//Hibernate/Hibernate Configuration DTD 3.0//EN"  
          "http://hibernate.sourceforge.net/hibernate-configuration-3.0.dtd">  
          <hibernate-configuration>
          <session-factory>
          <property name="connection.url">jdbc:oracle:thin:@10.1.50.198:1521:orcl</property>
          <property name="connection.username">sh</property>
          <property name="connection.password">sh</property>
          <property name="show_sql">true</property>
          <property name="connection.driver_class">oracle.jdbc.driver.OracleDriver</property>
          <property name="dialect">org.hibernate.dialect.Oracle10gDialect</property>
          <property name="hbm2ddl.auto">create</property>
  <!--        <mapping class="com.nucleus.Customer"/>
          <mapping class="com.nuc.Vendor"/> -->
       <!--    <mapping class="com.withCollection.Vendor"/>  -->
       <!-- <mapping class="com.day_3.Address"/>
            <mapping class="com.day_3.Vendor"/> -->
           <!--  <mapping class="com.day_3_1.Products"/>
            <mapping class="com.day_3_1.Stores"/> -->
           <!--  <mapping class="com.day4.Employee"/> -->
             <!-- <mapping class="com.day4_1.Address"/>
              <mapping class="com.day4_1.Vendor"/> -->
               <mapping class="com.day4_2.Customer"/>
              <mapping class="com.day4_2.User"/>
            
            
          
          </session-factory>
          
          </hibernate-configuration>