<beans:beans xmlns="http://www.springframework.org/schema/security"
	xmlns:beans="http://www.springframework.org/schema/beans" 
	xmlns:xsi="http://www.w3.org/2001/XMLSchema-instance"
	xsi:schemaLocation="http://www.springframework.org/schema/beans
	http://www.springframework.org/schema/beans/spring-beans-3.1.xsd
	http://www.springframework.org/schema/security
	http://www.springframework.org/schema/security/spring-security-3.1.xsd">
	<beans:import resource="spring-servlet.xml"/>
	<http auto-config="true">
	<intercept-url pattern="/login" access="IS_AUTHENTICATED_ANONYMOUSLY"/>
	<!-- <intercept-url pattern="/error" access="IS_AUTHENTICATED_ANONYMOUSLY"/> -->
	<intercept-url pattern="/accessdenied" access="IS_AUTHENTICATED_ANONYMOUSLY"/>
      <intercept-url pattern="/logoutpage" access="IS_AUTHENTICATED_ANONYMOUSLY"/>
     <!--  <intercept-url pattern="/**" access="IS_AUTHENTICATED_ANONYMOUSLY"/> -->
         
	<intercept-url pattern="/login" access="ROLE_USER,ROLE_ADMIN"/>
	<intercept-url pattern="/userpage" access="ROLE_USER"/>
	<intercept-url pattern="/homepage" access="ROLE_USER"/>
	<intercept-url pattern="/addpage" access="ROLE_USER"/>
	<intercept-url pattern="/updatepage" access="ROLE_USER"/>
	<intercept-url pattern="/deletepage" access="ROLE_USER"/>
	<intercept-url pattern="/savepage" access="ROLE_USER"/>
	<intercept-url pattern="/viewpage" access="ROLE_USER"/>
	<intercept-url pattern="/delete" access="ROLE_USER"/>
	<intercept-url pattern="/insert" access="ROLE_USER"/>
	<intercept-url pattern="/update" access="ROLE_USER"/>
	<intercept-url pattern="/updatecust" access="ROLE_USER"/>
	<intercept-url pattern="/single" access="ROLE_USER"/>
	<intercept-url pattern="/viewall" access="ROLE_USER"/>
	<!-- <intercept-url pattern="/*" access="ROLE_USER"/> -->
	
	
	<intercept-url pattern="/adminpage" access="ROLE_ADMIN"/>
	<intercept-url pattern="/user" access="ROLE_ADMIN"/>
	<intercept-url pattern="/admin" access="ROLE_ADMIN"/>
	<intercept-url pattern="/adduser" access="ROLE_ADMIN"/>
	<intercept-url pattern="/addadmin" access="ROLE_ADMIN"/>

 <form-login login-page="/"  authentication-success-handler-ref="authSuccessHandler" />  
 <logout logout-success-url="/logoutpage"/>
	<access-denied-handler error-page="/accessdenied"/>
	</http >	
	<beans:bean id="encoder"
		class="org.springframework.security.crypto.bcrypt.BCryptPasswordEncoder">
		<beans:constructor-arg name="strength" value="11" />
	</beans:bean>  	  
	<authentication-manager>
	<authentication-provider>
	 <jdbc-user-service data-source-ref="ds"  
		  users-by-username-query=
		  "select userid as username,pass,enabled from user108 where userid=?"
		  
		  authorities-by-username-query=
		   "select user108.userid,role1909.rname from user108 join role1909 on (user108.role_roleid=role1909.roleid) where user108.userid=?"></jdbc-user-service>         
 <password-encoder ref="encoder"/>
	</authentication-provider> 
	</authentication-manager>
	
	</beans:beans>  