<?xml version="1.0" encoding="UTF-8"?>
<beans xmlns="http://www.springframework.org/schema/beans"  
    xmlns:xsi="http://www.w3.org/2001/XMLSchema-instance" 
    xmlns:context="http://www.springframework.org/schema/context"  
    xmlns:tx="http://www.springframework.org/schema/tx" 
    xmlns:mvc="http://www.springframework.org/schema/mvc" 
    xsi:schemaLocation="http://www.springframework.org/schema/mvc     
    http://www.springframework.org/schema/mvc/spring-mvc-3.0.xsd  
http://www.springframework.org/schema/beans  
http://www.springframework.org/schema/beans/spring-beans-3.0.xsd  
http://www.springframework.org/schema/context  
http://www.springframework.org/schema/context/spring-context-3.0.xsd  
http://www.springframework.org/schema/tx  
http://www.springframework.org/schema/tx/spring-tx-3.0.xsd">  
    
    
   
<bean id="add" class="com.nucleus.Address" >   
    <constructor-arg value="noida"></constructor-arg>
    <constructor-arg value="up"></constructor-arg>
    <constructor-arg value = "india"></constructor-arg>
</bean>
 <bean id="emp" class="com.nucleus.Employee" >   
    <constructor-arg value="100" type = "int"></constructor-arg>
    <constructor-arg value ="yash"></constructor-arg>
    <constructor-arg><ref bean = "add"/></constructor-arg>
</bean>
</beans>
